<?xml version="1.0" encoding="UTF-8"?>

<configuration scan="true">
    <include resource="org/springframework/boot/logging/logback/base.xml"/>
    
 	<appender name="FILE" class="ch.qos.logback.core.rolling.RollingFileAppender">
    <file>./log/JBTUserManagement.log</file>
        <rollingPolicy class="ch.qos.logback.core.rolling.TimeBasedRollingPolicy">
            <fileNamePattern>JBTUserManagement.%d{yyyy-MM-dd}.log</fileNamePattern>
            <maxHistory>90</maxHistory>
        </rollingPolicy>
        <encoder>
            <charset>utf-8</charset>
            <Pattern>%d %-5level [%thread] %logger{0}: %msg%n</Pattern>
        </encoder>
        <triggeringPolicy class="ch.qos.logback.core.rolling.SizeBasedTriggeringPolicy">
            <MaxFileSize>10MB</MaxFileSize>
        </triggeringPolicy>
    </appender>
    
    	 <logger name="com.springboot.justbook" level="#logback.loglevel#" additivity="false">
    	<appender-ref ref="CONSOLE"/>
        <appender-ref ref="FILE"/>
    </logger>

    <root level="#logback.loglevel#">
        <appender-ref ref="CONSOLE"/>
    </root>

</configuration>